{"data":[{"ObjectIdentifier": "2239AA23-6E4C-4ED6-929E-CCAB05E85427", "Properties": {"domain": "VOLEUR.HTB", "name": "SERVICE ACCOUNTS@VOLEUR.HTB", "distinguishedname": "OU=SERVICE ACCOUNTS,DC=VOLEUR,DC=HTB", "domainsid": "S-1-5-21-3927696377-1337352550-2781715495", "highvalue": false, "blocksinheritance": false, "description": null, "whencreated": 1738141406, "isaclprotected": false}, "IsDeleted": false, "IsACLProtected": false, "Aces": [{"RightName": "Owns", "IsInherited": false, "PrincipalSID": "S-1-5-21-3927696377-1337352550-2781715495-512", "PrincipalType": "Group"}, {"RightName": "GenericAll", "IsInherited": false, "PrincipalSID": "S-1-5-21-3927696377-1337352550-2781715495-512", "PrincipalType": "Group"}, {"RightName": "GenericAll", "IsInherited": true, "PrincipalSID": "S-1-5-21-3927696377-1337352550-2781715495-519", "PrincipalType": "Group"}, {"RightName": "GenericWrite", "IsInherited": true, "PrincipalSID": "VOLEUR.HTB-S-1-5-32-544", "PrincipalType": "Group"}, {"RightName": "WriteOwner", "IsInherited": true, "PrincipalSID": "VOLEUR.HTB-S-1-5-32-544", "PrincipalType": "Group"}, {"RightName": "WriteDacl", "IsInherited": true, "PrincipalSID": "VOLEUR.HTB-S-1-5-32-544", "PrincipalType": "Group"}], "Links": [], "ChildObjects": [{"ObjectIdentifier": "S-1-5-21-3927696377-1337352550-2781715495-1601", "ObjectType": "User"}, {"ObjectIdentifier": "S-1-5-21-3927696377-1337352550-2781715495-1106", "ObjectType": "User"}, {"ObjectIdentifier": "S-1-5-21-3927696377-1337352550-2781715495-1108", "ObjectType": "User"}, {"ObjectIdentifier": "S-1-5-21-3927696377-1337352550-2781715495-1107", "ObjectType": "User"}], "GPOChanges": {"AffectedComputers": [], "DcomUsers": [], "LocalAdmins": [], "PSRemoteUsers": [], "RemoteDesktopUsers": []}},{"ObjectIdentifier": "0CD08B06-BB78-4EBC-8FAB-790CF0515326", "Properties": {"domain": "VOLEUR.HTB", "name": "THIRD-LINE SUPPORT TECHNICIANS@VOLEUR.HTB", "distinguishedname": "OU=THIRD-LINE SUPPORT TECHNICIANS,DC=VOLEUR,DC=HTB", "domainsid": "S-1-5-21-3927696377-1337352550-2781715495", "highvalue": false, "blocksinheritance": false, "description": null, "whencreated": 1738141351, "isaclprotected": false}, "IsDeleted": false, "IsACLProtected": false, "Aces": [{"RightName": "Owns", "IsInherited": false, "PrincipalSID": "S-1-5-21-3927696377-1337352550-2781715495-512", "PrincipalType": "Group"}, {"RightName": "GenericAll", "IsInherited": false, "PrincipalSID": "S-1-5-21-3927696377-1337352550-2781715495-512", "PrincipalType": "Group"}, {"RightName": "GenericAll", "IsInherited": true, "PrincipalSID": "S-1-5-21-3927696377-1337352550-2781715495-519", "PrincipalType": "Group"}, {"RightName": "GenericWrite", "IsInherited": true, "PrincipalSID": "VOLEUR.HTB-S-1-5-32-544", "PrincipalType": "Group"}, {"RightName": "WriteOwner", "IsInherited": true, "PrincipalSID": "VOLEUR.HTB-S-1-5-32-544", "PrincipalType": "Group"}, {"RightName": "WriteDacl", "IsInherited": true, "PrincipalSID": "VOLEUR.HTB-S-1-5-32-544", "PrincipalType": "Group"}], "Links": [], "ChildObjects": [{"ObjectIdentifier": "S-1-5-21-3927696377-1337352550-2781715495-1109", "ObjectType": "User"}], "GPOChanges": {"AffectedComputers": [], "DcomUsers": [], "LocalAdmins": [], "PSRemoteUsers": [], "RemoteDesktopUsers": []}},{"ObjectIdentifier": "104B633C-DC69-4F73-A4A6-F17BCA9DF04C", "Properties": {"domain": "VOLEUR.HTB", "name": "SECOND-LINE SUPPORT TECHNICIANS@VOLEUR.HTB", "distinguishedname": "OU=SECOND-LINE SUPPORT TECHNICIANS,DC=VOLEUR,DC=HTB", "domainsid": "S-1-5-21-3927696377-1337352550-2781715495", "highvalue": false, "blocksinheritance": false, "description": null, "whencreated": 1738141341, "isaclprotected": false}, "IsDeleted": false, "IsACLProtected": false, "Aces": [{"RightName": "Owns", "IsInherited": false, "PrincipalSID": "S-1-5-21-3927696377-1337352550-2781715495-512", "PrincipalType": "Group"}, {"RightName": "GenericAll", "IsInherited": false, "PrincipalSID": "S-1-5-21-3927696377-1337352550-2781715495-512", "PrincipalType": "Group"}, {"RightName": "GenericWrite", "IsInherited": false, "PrincipalSID": "S-1-5-21-3927696377-1337352550-2781715495-1602", "PrincipalType": "Group"}, {"RightName": "GenericAll", "IsInherited": true, "PrincipalSID": "S-1-5-21-3927696377-1337352550-2781715495-519", "PrincipalType": "Group"}, {"RightName": "GenericWrite", "IsInherited": true, "PrincipalSID": "VOLEUR.HTB-S-1-5-32-544", "PrincipalType": "Group"}, {"RightName": "WriteOwner", "IsInherited": true, "PrincipalSID": "VOLEUR.HTB-S-1-5-32-544", "PrincipalType": "Group"}, {"RightName": "WriteDacl", "IsInherited": true, "PrincipalSID": "VOLEUR.HTB-S-1-5-32-544", "PrincipalType": "Group"}], "Links": [], "ChildObjects": [{"ObjectIdentifier": "S-1-5-21-3927696377-1337352550-2781715495-1110", "ObjectType": "User"}, {"ObjectIdentifier": "S-1-5-21-3927696377-1337352550-2781715495-1105", "ObjectType": "User"}], "GPOChanges": {"AffectedComputers": [], "DcomUsers": [], "LocalAdmins": [], "PSRemoteUsers": [], "RemoteDesktopUsers": []}},{"ObjectIdentifier": "6FAD049E-36DD-4B43-A3DA-DD2F060CE1A3", "Properties": {"domain": "VOLEUR.HTB", "name": "FIRST-LINE SUPPORT TECHNICIANS@VOLEUR.HTB", "distinguishedname": "OU=FIRST-LINE SUPPORT TECHNICIANS,DC=VOLEUR,DC=HTB", "domainsid": "S-1-5-21-3927696377-1337352550-2781715495", "highvalue": false, "blocksinheritance": false, "description": null, "whencreated": 1738141330, "isaclprotected": false}, "IsDeleted": false, "IsACLProtected": false, "Aces": [{"RightName": "Owns", "IsInherited": false, "PrincipalSID": "S-1-5-21-3927696377-1337352550-2781715495-512", "PrincipalType": "Group"}, {"RightName": "GenericAll", "IsInherited": false, "PrincipalSID": "S-1-5-21-3927696377-1337352550-2781715495-512", "PrincipalType": "Group"}, {"RightName": "GenericAll", "IsInherited": true, "PrincipalSID": "S-1-5-21-3927696377-1337352550-2781715495-519", "PrincipalType": "Group"}, {"RightName": "GenericWrite", "IsInherited": true, "PrincipalSID": "VOLEUR.HTB-S-1-5-32-544", "PrincipalType": "Group"}, {"RightName": "WriteOwner", "IsInherited": true, "PrincipalSID": "VOLEUR.HTB-S-1-5-32-544", "PrincipalType": "Group"}, {"RightName": "WriteDacl", "IsInherited": true, "PrincipalSID": "VOLEUR.HTB-S-1-5-32-544", "PrincipalType": "Group"}], "Links": [], "ChildObjects": [{"ObjectIdentifier": "S-1-5-21-3927696377-1337352550-2781715495-1103", "ObjectType": "User"}, {"ObjectIdentifier": "S-1-5-21-3927696377-1337352550-2781715495-1104", "ObjectType": "User"}], "GPOChanges": {"AffectedComputers": [], "DcomUsers": [], "LocalAdmins": [], "PSRemoteUsers": [], "RemoteDesktopUsers": []}},{"ObjectIdentifier": "E2F3CABE-AD20-468E-A8D6-31550E15C28C", "Properties": {"domain": "VOLEUR.HTB", "name": "DOMAIN CONTROLLERS@VOLEUR.HTB", "distinguishedname": "OU=DOMAIN CONTROLLERS,DC=VOLEUR,DC=HTB", "domainsid": "S-1-5-21-3927696377-1337352550-2781715495", "highvalue": false, "blocksinheritance": false, "description": "Default container for domain controllers", "whencreated": 1738140147, "isaclprotected": false}, "IsDeleted": false, "IsACLProtected": false, "Aces": [{"RightName": "Owns", "IsInherited": false, "PrincipalSID": "S-1-5-21-3927696377-1337352550-2781715495-512", "PrincipalType": "Group"}, {"RightName": "GenericWrite", "IsInherited": false, "PrincipalSID": "S-1-5-21-3927696377-1337352550-2781715495-512", "PrincipalType": "Group"}, {"RightName": "WriteOwner", "IsInherited": false, "PrincipalSID": "S-1-5-21-3927696377-1337352550-2781715495-512", "PrincipalType": "Group"}, {"RightName": "WriteDacl", "IsInherited": false, "PrincipalSID": "S-1-5-21-3927696377-1337352550-2781715495-512", "PrincipalType": "Group"}, {"RightName": "GenericAll", "IsInherited": true, "PrincipalSID": "S-1-5-21-3927696377-1337352550-2781715495-519", "PrincipalType": "Group"}, {"RightName": "GenericWrite", "IsInherited": true, "PrincipalSID": "VOLEUR.HTB-S-1-5-32-544", "PrincipalType": "Group"}, {"RightName": "WriteOwner", "IsInherited": true, "PrincipalSID": "VOLEUR.HTB-S-1-5-32-544", "PrincipalType": "Group"}, {"RightName": "WriteDacl", "IsInherited": true, "PrincipalSID": "VOLEUR.HTB-S-1-5-32-544", "PrincipalType": "Group"}], "Links": [{"IsEnforced": false, "GUID": "B5E40DC2-8103-4447-913B-EA7AC3F442D8"}], "ChildObjects": [{"ObjectIdentifier": "S-1-5-21-3927696377-1337352550-2781715495-1000", "ObjectType": "Computer"}], "GPOChanges": {"AffectedComputers": [], "DcomUsers": [], "LocalAdmins": [], "PSRemoteUsers": [], "RemoteDesktopUsers": []}}],"meta":{"methods":0,"type":"ous","count":5, "version":6}}