{"data":[{"ObjectIdentifier": "B5E40DC2-8103-4447-913B-EA7AC3F442D8", "Properties": {"domain": "VOLEUR.HTB", "name": "DEFAULT DOMAIN CONTROLLERS POLICY@VOLEUR.HTB", "distinguishedname": "CN={6AC1786C-016F-11D2-945F-00C04FB984F9},CN=POLICIES,CN=SYSTEM,DC=VOLEUR,DC=HTB", "domainsid": "S-1-5-21-3927696377-1337352550-2781715495", "highvalue": false, "gpcpath": "\\\\VOLEUR.HTB\\SYSVOL\\VOLEUR.HTB\\POLICIES\\{6AC1786C-016F-11D2-945F-00C04FB984F9}", "description": "", "whencreated": 1738140147, "isaclprotected": true}, "IsDeleted": false, "IsACLProtected": true, "Aces": [{"RightName": "Owns", "IsInherited": false, "PrincipalSID": "S-1-5-21-3927696377-1337352550-2781715495-512", "PrincipalType": "Group"}, {"RightName": "GenericWrite", "IsInherited": false, "PrincipalSID": "S-1-5-21-3927696377-1337352550-2781715495-512", "PrincipalType": "Group"}, {"RightName": "WriteOwner", "IsInherited": false, "PrincipalSID": "S-1-5-21-3927696377-1337352550-2781715495-512", "PrincipalType": "Group"}, {"RightName": "WriteDacl", "IsInherited": false, "PrincipalSID": "S-1-5-21-3927696377-1337352550-2781715495-512", "PrincipalType": "Group"}, {"RightName": "GenericWrite", "IsInherited": false, "PrincipalSID": "S-1-5-21-3927696377-1337352550-2781715495-519", "PrincipalType": "Group"}, {"RightName": "WriteOwner", "IsInherited": false, "PrincipalSID": "S-1-5-21-3927696377-1337352550-2781715495-519", "PrincipalType": "Group"}, {"RightName": "WriteDacl", "IsInherited": false, "PrincipalSID": "S-1-5-21-3927696377-1337352550-2781715495-519", "PrincipalType": "Group"}, {"RightName": "GenericWrite", "IsInherited": false, "PrincipalSID": "S-1-5-21-3927696377-1337352550-2781715495-512", "PrincipalType": "Group"}, {"RightName": "WriteOwner", "IsInherited": false, "PrincipalSID": "S-1-5-21-3927696377-1337352550-2781715495-512", "PrincipalType": "Group"}, {"RightName": "WriteDacl", "IsInherited": false, "PrincipalSID": "S-1-5-21-3927696377-1337352550-2781715495-512", "PrincipalType": "Group"}]},{"ObjectIdentifier": "7210D848-A88F-4C4C-8265-F812BF597451", "Properties": {"domain": "VOLEUR.HTB", "name": "DEFAULT DOMAIN POLICY@VOLEUR.HTB", "distinguishedname": "CN={31B2F340-016D-11D2-945F-00C04FB984F9},CN=POLICIES,CN=SYSTEM,DC=VOLEUR,DC=HTB", "domainsid": "S-1-5-21-3927696377-1337352550-2781715495", "highvalue": false, "gpcpath": "\\\\VOLEUR.HTB\\SYSVOL\\VOLEUR.HTB\\POLICIES\\{31B2F340-016D-11D2-945F-00C04FB984F9}", "description": "", "whencreated": 1738140147, "isaclprotected": true}, "IsDeleted": false, "IsACLProtected": true, "Aces": [{"RightName": "Owns", "IsInherited": false, "PrincipalSID": "S-1-5-21-3927696377-1337352550-2781715495-512", "PrincipalType": "Group"}, {"RightName": "GenericWrite", "IsInherited": false, "PrincipalSID": "S-1-5-21-3927696377-1337352550-2781715495-512", "PrincipalType": "Group"}, {"RightName": "WriteOwner", "IsInherited": false, "PrincipalSID": "S-1-5-21-3927696377-1337352550-2781715495-512", "PrincipalType": "Group"}, {"RightName": "WriteDacl", "IsInherited": false, "PrincipalSID": "S-1-5-21-3927696377-1337352550-2781715495-512", "PrincipalType": "Group"}, {"RightName": "GenericWrite", "IsInherited": false, "PrincipalSID": "S-1-5-21-3927696377-1337352550-2781715495-519", "PrincipalType": "Group"}, {"RightName": "WriteOwner", "IsInherited": false, "PrincipalSID": "S-1-5-21-3927696377-1337352550-2781715495-519", "PrincipalType": "Group"}, {"RightName": "WriteDacl", "IsInherited": false, "PrincipalSID": "S-1-5-21-3927696377-1337352550-2781715495-519", "PrincipalType": "Group"}, {"RightName": "GenericWrite", "IsInherited": false, "PrincipalSID": "S-1-5-21-3927696377-1337352550-2781715495-512", "PrincipalType": "Group"}, {"RightName": "WriteOwner", "IsInherited": false, "PrincipalSID": "S-1-5-21-3927696377-1337352550-2781715495-512", "PrincipalType": "Group"}, {"RightName": "WriteDacl", "IsInherited": false, "PrincipalSID": "S-1-5-21-3927696377-1337352550-2781715495-512", "PrincipalType": "Group"}]}],"meta":{"methods":0,"type":"gpos","count":2, "version":6}}