{"data": [{"ObjectIdentifier": "S-1-5-21-3927696377-1337352550-2781715495", "Properties": {"name": "VOLEUR.HTB", "domain": "VOLEUR.HTB", "domainsid": "S-1-5-21-3927696377-1337352550-2781715495", "distinguishedname": "DC=VOLEUR,DC=HTB", "description": "", "functionallevel": "2016", "highvalue": true, "isaclprotected": false, "collected": true, "whencreated": 1738140143}, "Trusts": [], "Aces": [{"RightName": "Owns", "IsInherited": false, "PrincipalSID": "VOLEUR.HTB-S-1-5-32-544", "PrincipalType": "Group"}, {"RightName": "GetChanges", "IsInherited": false, "PrincipalSID": "S-1-5-21-3927696377-1337352550-2781715495-498", "PrincipalType": "Group"}, {"RightName": "GetChangesAll", "IsInherited": false, "PrincipalSID": "S-1-5-21-3927696377-1337352550-2781715495-516", "PrincipalType": "Group"}, {"RightName": "GetChangesInFilteredSet", "IsInherited": false, "PrincipalSID": "VOLEUR.HTB-S-1-5-32-544", "PrincipalType": "Group"}, {"RightName": "GetChanges", "IsInherited": false, "PrincipalSID": "VOLEUR.HTB-S-1-5-32-544", "PrincipalType": "Group"}, {"RightName": "GetChangesAll", "IsInherited": false, "PrincipalSID": "VOLEUR.HTB-S-1-5-32-544", "PrincipalType": "Group"}, {"RightName": "GetChangesInFilteredSet", "IsInherited": false, "PrincipalSID": "VOLEUR.HTB-S-1-5-9", "PrincipalType": "Group"}, {"RightName": "GetChanges", "IsInherited": false, "PrincipalSID": "VOLEUR.HTB-S-1-5-9", "PrincipalType": "Group"}, {"RightName": "WriteOwner", "IsInherited": false, "PrincipalSID": "S-1-5-21-3927696377-1337352550-2781715495-512", "PrincipalType": "Group"}, {"RightName": "AllExtendedRights", "IsInherited": false, "PrincipalSID": "S-1-5-21-3927696377-1337352550-2781715495-512", "PrincipalType": "Group"}, {"RightName": "WriteDacl", "IsInherited": false, "PrincipalSID": "S-1-5-21-3927696377-1337352550-2781715495-512", "PrincipalType": "Group"}, {"RightName": "GenericAll", "IsInherited": false, "PrincipalSID": "S-1-5-21-3927696377-1337352550-2781715495-519", "PrincipalType": "Group"}, {"RightName": "WriteOwner", "IsInherited": false, "PrincipalSID": "VOLEUR.HTB-S-1-5-32-544", "PrincipalType": "Group"}, {"RightName": "AllExtendedRights", "IsInherited": false, "PrincipalSID": "VOLEUR.HTB-S-1-5-32-544", "PrincipalType": "Group"}, {"RightName": "WriteDacl", "IsInherited": false, "PrincipalSID": "VOLEUR.HTB-S-1-5-32-544", "PrincipalType": "Group"}], "Links": [{"IsEnforced": false, "GUID": "7210D848-A88F-4C4C-8265-F812BF597451"}], "ChildObjects": [{"ObjectIdentifier": "92AEE224-B242-435E-A20C-8EA5174D55A6", "ObjectType": "Container"}, {"ObjectIdentifier": "S-1-5-21-3927696377-1337352550-2781715495-1114", "ObjectType": "Group"}, {"ObjectIdentifier": "0CD08B06-BB78-4EBC-8FAB-790CF0515326", "ObjectType": "OU"}, {"ObjectIdentifier": "2239AA23-6E4C-4ED6-929E-CCAB05E85427", "ObjectType": "OU"}, {"ObjectIdentifier": "S-1-5-21-3927696377-1337352550-2781715495-1113", "ObjectType": "Group"}, {"ObjectIdentifier": "104B633C-DC69-4F73-A4A6-F17BCA9DF04C", "ObjectType": "OU"}, {"ObjectIdentifier": "S-1-5-21-3927696377-1337352550-2781715495-1602", "ObjectType": "Group"}, {"ObjectIdentifier": "E06AC367-A540-4118-ACAA-EB3A1F39944C", "ObjectType": "Container"}, {"ObjectIdentifier": "4DA25EA3-00E5-4B70-BFA2-E6D2AE35AB9C", "ObjectType": "Container"}, {"ObjectIdentifier": "S-1-5-21-3927696377-1337352550-2781715495-1112", "ObjectType": "Group"}, {"ObjectIdentifier": "6FAD049E-36DD-4B43-A3DA-DD2F060CE1A3", "ObjectType": "OU"}, {"ObjectIdentifier": "E2F3CABE-AD20-468E-A8D6-31550E15C28C", "ObjectType": "OU"}, {"ObjectIdentifier": "D76E1FD5-A017-43FC-9F64-EFAD5C647A67", "ObjectType": "Container"}], "GPOChanges": {"AffectedComputers": [], "DcomUsers": [], "LocalAdmins": [], "PSRemoteUsers": [], "RemoteDesktopUsers": []}, "IsDeleted": false, "IsACLProtected": false}], "meta": {"type": "domains", "count": 1, "version": 6}}