{"data":[{"ObjectIdentifier": "0C98C7BE-67DC-4C1E-978C-3953C91594F8", "Properties": {"domain": "VOLEUR.HTB", "name": "WMIGPO@VOLEUR.HTB", "distinguishedname": "CN=WMIGPO,CN=WMIPOLICY,CN=SYSTEM,DC=VOLEUR,DC=HTB", "domainsid": "S-1-5-21-3927696377-1337352550-2781715495", "highvalue": false, "description": "", "whencreated": 1738140147, "isaclprotected": false}, "IsDeleted": false, "IsACLProtected": false, "ContainedBy": null, "Aces": [{"RightName": "Owns", "IsInherited": false, "PrincipalSID": "S-1-5-21-3927696377-1337352550-2781715495-512", "PrincipalType": "Group"}, {"RightName": "WriteOwner", "IsInherited": false, "PrincipalSID": "S-1-5-21-3927696377-1337352550-2781715495-512", "PrincipalType": "Group"}, {"RightName": "WriteDacl", "IsInherited": false, "PrincipalSID": "S-1-5-21-3927696377-1337352550-2781715495-512", "PrincipalType": "Group"}, {"RightName": "GenericAll", "IsInherited": true, "PrincipalSID": "S-1-5-21-3927696377-1337352550-2781715495-519", "PrincipalType": "Group"}, {"RightName": "GenericAll", "IsInherited": true, "PrincipalSID": "S-1-5-21-3927696377-1337352550-2781715495-512", "PrincipalType": "Group"}], "ChildObjects": []},{"ObjectIdentifier": "DCA23D4E-7FE3-4F7C-AAF9-2D60EFE36A78", "Properties": {"domain": "VOLEUR.HTB", "name": "POLICYTYPE@VOLEUR.HTB", "distinguishedname": "CN=POLICYTYPE,CN=WMIPOLICY,CN=SYSTEM,DC=VOLEUR,DC=HTB", "domainsid": "S-1-5-21-3927696377-1337352550-2781715495", "highvalue": false, "description": "", "whencreated": 1738140147, "isaclprotected": false}, "IsDeleted": false, "IsACLProtected": false, "ContainedBy": null, "Aces": [{"RightName": "Owns", "IsInherited": false, "PrincipalSID": "S-1-5-21-3927696377-1337352550-2781715495-512", "PrincipalType": "Group"}, {"RightName": "WriteOwner", "IsInherited": false, "PrincipalSID": "S-1-5-21-3927696377-1337352550-2781715495-512", "PrincipalType": "Group"}, {"RightName": "WriteDacl", "IsInherited": false, "PrincipalSID": "S-1-5-21-3927696377-1337352550-2781715495-512", "PrincipalType": "Group"}, {"RightName": "GenericAll", "IsInherited": true, "PrincipalSID": "S-1-5-21-3927696377-1337352550-2781715495-519", "PrincipalType": "Group"}, {"RightName": "GenericAll", "IsInherited": true, "PrincipalSID": "S-1-5-21-3927696377-1337352550-2781715495-512", "PrincipalType": "Group"}], "ChildObjects": []},{"ObjectIdentifier": "F44938D7-4626-42B1-8C5D-D559A29AB995", "Properties": {"domain": "VOLEUR.HTB", "name": "SOM@VOLEUR.HTB", "distinguishedname": "CN=SOM,CN=WMIPOLICY,CN=SYSTEM,DC=VOLEUR,DC=HTB", "domainsid": "S-1-5-21-3927696377-1337352550-2781715495", "highvalue": false, "description": "", "whencreated": 1738140147, "isaclprotected": true}, "IsDeleted": false, "IsACLProtected": true, "ContainedBy": null, "Aces": [{"RightName": "Owns", "IsInherited": false, "PrincipalSID": "S-1-5-21-3927696377-1337352550-2781715495-512", "PrincipalType": "Group"}, {"RightName": "GenericAll", "IsInherited": false, "PrincipalSID": "S-1-5-21-3927696377-1337352550-2781715495-512", "PrincipalType": "Group"}, {"RightName": "GenericAll", "IsInherited": false, "PrincipalSID": "S-1-5-21-3927696377-1337352550-2781715495-519", "PrincipalType": "Group"}], "ChildObjects": []},{"ObjectIdentifier": "16A710FE-2986-4B2D-8113-65D41BD97CA6", "Properties": {"domain": "VOLEUR.HTB", "name": "POLICYTEMPLATE@VOLEUR.HTB", "distinguishedname": "CN=POLICYTEMPLATE,CN=WMIPOLICY,CN=SYSTEM,DC=VOLEUR,DC=HTB", "domainsid": "S-1-5-21-3927696377-1337352550-2781715495", "highvalue": false, "description": "", "whencreated": 1738140147, "isaclprotected": false}, "IsDeleted": false, "IsACLProtected": false, "ContainedBy": null, "Aces": [{"RightName": "Owns", "IsInherited": false, "PrincipalSID": "S-1-5-21-3927696377-1337352550-2781715495-512", "PrincipalType": "Group"}, {"RightName": "WriteOwner", "IsInherited": false, "PrincipalSID": "S-1-5-21-3927696377-1337352550-2781715495-512", "PrincipalType": "Group"}, {"RightName": "WriteDacl", "IsInherited": false, "PrincipalSID": "S-1-5-21-3927696377-1337352550-2781715495-512", "PrincipalType": "Group"}, {"RightName": "GenericAll", "IsInherited": true, "PrincipalSID": "S-1-5-21-3927696377-1337352550-2781715495-519", "PrincipalType": "Group"}, {"RightName": "GenericAll", "IsInherited": true, "PrincipalSID": "S-1-5-21-3927696377-1337352550-2781715495-512", "PrincipalType": "Group"}], "ChildObjects": []},{"ObjectIdentifier": "F5A45099-D310-451C-9862-4FD0F63288AA", "Properties": {"domain": "VOLEUR.HTB", "name": "WMIPOLICY@VOLEUR.HTB", "distinguishedname": "CN=WMIPOLICY,CN=SYSTEM,DC=VOLEUR,DC=HTB", "domainsid": "S-1-5-21-3927696377-1337352550-2781715495", "highvalue": false, "description": "", "whencreated": 1738140147, "isaclprotected": true}, "IsDeleted": false, "IsACLProtected": true, "ContainedBy": null, "Aces": [{"RightName": "Owns", "IsInherited": false, "PrincipalSID": "S-1-5-21-3927696377-1337352550-2781715495-512", "PrincipalType": "Group"}, {"RightName": "GenericAll", "IsInherited": false, "PrincipalSID": "S-1-5-21-3927696377-1337352550-2781715495-519", "PrincipalType": "Group"}, {"RightName": "GenericAll", "IsInherited": false, "PrincipalSID": "S-1-5-21-3927696377-1337352550-2781715495-512", "PrincipalType": "Group"}], "ChildObjects": []},{"ObjectIdentifier": "24486F0D-2D4D-4105-9643-886B3635BFA7", "Properties": {"domain": "VOLEUR.HTB", "name": "COMPARTITIONSETS@VOLEUR.HTB", "distinguishedname": "CN=COMPARTITIONSETS,CN=SYSTEM,DC=VOLEUR,DC=HTB", "domainsid": "S-1-5-21-3927696377-1337352550-2781715495", "highvalue": false, "description": "", "whencreated": 1738140147, "isaclprotected": false}, "IsDeleted": false, "IsACLProtected": false, "ContainedBy": null, "Aces": [{"RightName": "Owns", "IsInherited": false, "PrincipalSID": "S-1-5-21-3927696377-1337352550-2781715495-512", "PrincipalType": "Group"}, {"RightName": "WriteOwner", "IsInherited": false, "PrincipalSID": "S-1-5-21-3927696377-1337352550-2781715495-512", "PrincipalType": "Group"}, {"RightName": "WriteDacl", "IsInherited": false, "PrincipalSID": "S-1-5-21-3927696377-1337352550-2781715495-512", "PrincipalType": "Group"}, {"RightName": "GenericAll", "IsInherited": true, "PrincipalSID": "S-1-5-21-3927696377-1337352550-2781715495-519", "PrincipalType": "Group"}, {"RightName": "WriteOwner", "IsInherited": true, "PrincipalSID": "VOLEUR.HTB-S-1-5-32-544", "PrincipalType": "Group"}, {"RightName": "WriteDacl", "IsInherited": true, "PrincipalSID": "VOLEUR.HTB-S-1-5-32-544", "PrincipalType": "Group"}], "ChildObjects": []},{"ObjectIdentifier": "B7E39B7D-E7EB-428E-AB6A-A1D061D8573C", "Properties": {"domain": "VOLEUR.HTB", "name": "COMPARTITIONS@VOLEUR.HTB", "distinguishedname": "CN=COMPARTITIONS,CN=SYSTEM,DC=VOLEUR,DC=HTB", "domainsid": "S-1-5-21-3927696377-1337352550-2781715495", "highvalue": false, "description": "", "whencreated": 1738140147, "isaclprotected": false}, "IsDeleted": false, "IsACLProtected": false, "ContainedBy": null, "Aces": [{"RightName": "Owns", "IsInherited": false, "PrincipalSID": "S-1-5-21-3927696377-1337352550-2781715495-512", "PrincipalType": "Group"}, {"RightName": "WriteOwner", "IsInherited": false, "PrincipalSID": "S-1-5-21-3927696377-1337352550-2781715495-512", "PrincipalType": "Group"}, {"RightName": "WriteDacl", "IsInherited": false, "PrincipalSID": "S-1-5-21-3927696377-1337352550-2781715495-512", "PrincipalType": "Group"}, {"RightName": "GenericAll", "IsInherited": true, "PrincipalSID": "S-1-5-21-3927696377-1337352550-2781715495-519", "PrincipalType": "Group"}, {"RightName": "WriteOwner", "IsInherited": true, "PrincipalSID": "VOLEUR.HTB-S-1-5-32-544", "PrincipalType": "Group"}, {"RightName": "WriteDacl", "IsInherited": true, "PrincipalSID": "VOLEUR.HTB-S-1-5-32-544", "PrincipalType": "Group"}], "ChildObjects": []},{"ObjectIdentifier": "9A1A88DC-799D-4337-A257-7940E1B894CB", "Properties": {"domain": "VOLEUR.HTB", "name": "ADMINSDHOLDER@VOLEUR.HTB", "distinguishedname": "CN=ADMINSDHOLDER,CN=SYSTEM,DC=VOLEUR,DC=HTB", "domainsid": "S-1-5-21-3927696377-1337352550-2781715495", "highvalue": false, "description": "", "whencreated": 1738140147, "isaclprotected": true}, "IsDeleted": false, "IsACLProtected": true, "ContainedBy": null, "Aces": [{"RightName": "Owns", "IsInherited": false, "PrincipalSID": "S-1-5-21-3927696377-1337352550-2781715495-512", "PrincipalType": "Group"}, {"RightName": "WriteOwner", "IsInherited": false, "PrincipalSID": "S-1-5-21-3927696377-1337352550-2781715495-512", "PrincipalType": "Group"}, {"RightName": "WriteDacl", "IsInherited": false, "PrincipalSID": "S-1-5-21-3927696377-1337352550-2781715495-512", "PrincipalType": "Group"}, {"RightName": "WriteOwner", "IsInherited": false, "PrincipalSID": "S-1-5-21-3927696377-1337352550-2781715495-519", "PrincipalType": "Group"}, {"RightName": "WriteDacl", "IsInherited": false, "PrincipalSID": "S-1-5-21-3927696377-1337352550-2781715495-519", "PrincipalType": "Group"}, {"RightName": "WriteOwner", "IsInherited": false, "PrincipalSID": "VOLEUR.HTB-S-1-5-32-544", "PrincipalType": "Group"}, {"RightName": "WriteDacl", "IsInherited": false, "PrincipalSID": "VOLEUR.HTB-S-1-5-32-544", "PrincipalType": "Group"}], "ChildObjects": []},{"ObjectIdentifier": "458C6FC4-9F92-45CE-8ECE-7A12BC48B95A", "Properties": {"domain": "VOLEUR.HTB", "name": "RAS AND IAS SERVERS ACCESS CHECK@VOLEUR.HTB", "distinguishedname": "CN=RAS AND IAS SERVERS ACCESS CHECK,CN=SYSTEM,DC=VOLEUR,DC=HTB", "domainsid": "S-1-5-21-3927696377-1337352550-2781715495", "highvalue": false, "description": "", "whencreated": 1738140147, "isaclprotected": false}, "IsDeleted": false, "IsACLProtected": false, "ContainedBy": null, "Aces": [{"RightName": "Owns", "IsInherited": false, "PrincipalSID": "S-1-5-21-3927696377-1337352550-2781715495-512", "PrincipalType": "Group"}, {"RightName": "WriteOwner", "IsInherited": false, "PrincipalSID": "S-1-5-21-3927696377-1337352550-2781715495-553", "PrincipalType": "Group"}, {"RightName": "WriteDacl", "IsInherited": false, "PrincipalSID": "S-1-5-21-3927696377-1337352550-2781715495-553", "PrincipalType": "Group"}, {"RightName": "GenericAll", "IsInherited": true, "PrincipalSID": "S-1-5-21-3927696377-1337352550-2781715495-519", "PrincipalType": "Group"}, {"RightName": "WriteOwner", "IsInherited": true, "PrincipalSID": "VOLEUR.HTB-S-1-5-32-544", "PrincipalType": "Group"}, {"RightName": "WriteDacl", "IsInherited": true, "PrincipalSID": "VOLEUR.HTB-S-1-5-32-544", "PrincipalType": "Group"}], "ChildObjects": []},{"ObjectIdentifier": "6FA1C29C-783C-496E-B0BF-88E52759BAEA", "Properties": {"domain": "VOLEUR.HTB", "name": "POLICIES@VOLEUR.HTB", "distinguishedname": "CN=POLICIES,CN=SYSTEM,DC=VOLEUR,DC=HTB", "domainsid": "S-1-5-21-3927696377-1337352550-2781715495", "highvalue": false, "description": "", "whencreated": 1738140147, "isaclprotected": false}, "IsDeleted": false, "IsACLProtected": false, "ContainedBy": null, "Aces": [{"RightName": "Owns", "IsInherited": false, "PrincipalSID": "S-1-5-21-3927696377-1337352550-2781715495-512", "PrincipalType": "Group"}, {"RightName": "WriteOwner", "IsInherited": false, "PrincipalSID": "S-1-5-21-3927696377-1337352550-2781715495-512", "PrincipalType": "Group"}, {"RightName": "WriteDacl", "IsInherited": false, "PrincipalSID": "S-1-5-21-3927696377-1337352550-2781715495-512", "PrincipalType": "Group"}, {"RightName": "GenericAll", "IsInherited": true, "PrincipalSID": "S-1-5-21-3927696377-1337352550-2781715495-519", "PrincipalType": "Group"}, {"RightName": "WriteOwner", "IsInherited": true, "PrincipalSID": "VOLEUR.HTB-S-1-5-32-544", "PrincipalType": "Group"}, {"RightName": "WriteDacl", "IsInherited": true, "PrincipalSID": "VOLEUR.HTB-S-1-5-32-544", "PrincipalType": "Group"}], "ChildObjects": []},{"ObjectIdentifier": "F45CC506-D7A1-4546-9947-258A79E0116D", "Properties": {"domain": "VOLEUR.HTB", "name": "MEETINGS@VOLEUR.HTB", "distinguishedname": "CN=MEETINGS,CN=SYSTEM,DC=VOLEUR,DC=HTB", "domainsid": "S-1-5-21-3927696377-1337352550-2781715495", "highvalue": false, "description": "", "whencreated": 1738140147, "isaclprotected": false}, "IsDeleted": false, "IsACLProtected": false, "ContainedBy": null, "Aces": [{"RightName": "Owns", "IsInherited": false, "PrincipalSID": "S-1-5-21-3927696377-1337352550-2781715495-512", "PrincipalType": "Group"}, {"RightName": "WriteOwner", "IsInherited": false, "PrincipalSID": "S-1-5-21-3927696377-1337352550-2781715495-512", "PrincipalType": "Group"}, {"RightName": "WriteDacl", "IsInherited": false, "PrincipalSID": "S-1-5-21-3927696377-1337352550-2781715495-512", "PrincipalType": "Group"}, {"RightName": "GenericAll", "IsInherited": true, "PrincipalSID": "S-1-5-21-3927696377-1337352550-2781715495-519", "PrincipalType": "Group"}, {"RightName": "WriteOwner", "IsInherited": true, "PrincipalSID": "VOLEUR.HTB-S-1-5-32-544", "PrincipalType": "Group"}, {"RightName": "WriteDacl", "IsInherited": true, "PrincipalSID": "VOLEUR.HTB-S-1-5-32-544", "PrincipalType": "Group"}], "ChildObjects": []},{"ObjectIdentifier": "60550983-448D-4D1F-B382-743E32FC16AA", "Properties": {"domain": "VOLEUR.HTB", "name": "WINSOCKSERVICES@VOLEUR.HTB", "distinguishedname": "CN=WINSOCKSERVICES,CN=SYSTEM,DC=VOLEUR,DC=HTB", "domainsid": "S-1-5-21-3927696377-1337352550-2781715495", "highvalue": false, "description": "", "whencreated": 1738140147, "isaclprotected": false}, "IsDeleted": false, "IsACLProtected": false, "ContainedBy": null, "Aces": [{"RightName": "Owns", "IsInherited": false, "PrincipalSID": "S-1-5-21-3927696377-1337352550-2781715495-512", "PrincipalType": "Group"}, {"RightName": "WriteOwner", "IsInherited": false, "PrincipalSID": "S-1-5-21-3927696377-1337352550-2781715495-512", "PrincipalType": "Group"}, {"RightName": "WriteDacl", "IsInherited": false, "PrincipalSID": "S-1-5-21-3927696377-1337352550-2781715495-512", "PrincipalType": "Group"}, {"RightName": "GenericAll", "IsInherited": true, "PrincipalSID": "S-1-5-21-3927696377-1337352550-2781715495-519", "PrincipalType": "Group"}, {"RightName": "WriteOwner", "IsInherited": true, "PrincipalSID": "VOLEUR.HTB-S-1-5-32-544", "PrincipalType": "Group"}, {"RightName": "WriteDacl", "IsInherited": true, "PrincipalSID": "VOLEUR.HTB-S-1-5-32-544", "PrincipalType": "Group"}], "ChildObjects": []},{"ObjectIdentifier": "E06AC367-A540-4118-ACAA-EB3A1F39944C", "Properties": {"domain": "VOLEUR.HTB", "name": "MANAGED SERVICE ACCOUNTS@VOLEUR.HTB", "distinguishedname": "CN=MANAGED SERVICE ACCOUNTS,DC=VOLEUR,DC=HTB", "domainsid": "S-1-5-21-3927696377-1337352550-2781715495", "highvalue": false, "description": "Default container for managed service accounts", "whencreated": 1738140147, "isaclprotected": false}, "IsDeleted": false, "IsACLProtected": false, "ContainedBy": null, "Aces": [{"RightName": "Owns", "IsInherited": false, "PrincipalSID": "S-1-5-21-3927696377-1337352550-2781715495-512", "PrincipalType": "Group"}, {"RightName": "WriteOwner", "IsInherited": false, "PrincipalSID": "S-1-5-21-3927696377-1337352550-2781715495-512", "PrincipalType": "Group"}, {"RightName": "WriteDacl", "IsInherited": false, "PrincipalSID": "S-1-5-21-3927696377-1337352550-2781715495-512", "PrincipalType": "Group"}, {"RightName": "GenericAll", "IsInherited": true, "PrincipalSID": "S-1-5-21-3927696377-1337352550-2781715495-519", "PrincipalType": "Group"}, {"RightName": "WriteOwner", "IsInherited": true, "PrincipalSID": "VOLEUR.HTB-S-1-5-32-544", "PrincipalType": "Group"}, {"RightName": "WriteDacl", "IsInherited": true, "PrincipalSID": "VOLEUR.HTB-S-1-5-32-544", "PrincipalType": "Group"}], "ChildObjects": []},{"ObjectIdentifier": "8F4087FF-AC62-4569-B559-A5A61A7BB66F", "Properties": {"domain": "VOLEUR.HTB", "name": "MICROSOFT@VOLEUR.HTB", "distinguishedname": "CN=MICROSOFT,CN=PROGRAM DATA,DC=VOLEUR,DC=HTB", "domainsid": "S-1-5-21-3927696377-1337352550-2781715495", "highvalue": false, "description": "Default location for storage of Microsoft application data.", "whencreated": 1738140147, "isaclprotected": false}, "IsDeleted": false, "IsACLProtected": false, "ContainedBy": null, "Aces": [{"RightName": "Owns", "IsInherited": false, "PrincipalSID": "S-1-5-21-3927696377-1337352550-2781715495-512", "PrincipalType": "Group"}, {"RightName": "GenericAll", "IsInherited": false, "PrincipalSID": "S-1-5-21-3927696377-1337352550-2781715495-512", "PrincipalType": "Group"}, {"RightName": "GenericAll", "IsInherited": true, "PrincipalSID": "S-1-5-21-3927696377-1337352550-2781715495-519", "PrincipalType": "Group"}, {"RightName": "WriteOwner", "IsInherited": true, "PrincipalSID": "VOLEUR.HTB-S-1-5-32-544", "PrincipalType": "Group"}, {"RightName": "WriteDacl", "IsInherited": true, "PrincipalSID": "VOLEUR.HTB-S-1-5-32-544", "PrincipalType": "Group"}], "ChildObjects": []},{"ObjectIdentifier": "52926520-A65B-40EF-8C3C-80E0F393452C", "Properties": {"domain": "VOLEUR.HTB", "name": "PROGRAM DATA@VOLEUR.HTB", "distinguishedname": "CN=PROGRAM DATA,DC=VOLEUR,DC=HTB", "domainsid": "S-1-5-21-3927696377-1337352550-2781715495", "highvalue": false, "description": "Default location for storage of application data.", "whencreated": 1738140147, "isaclprotected": false}, "IsDeleted": false, "IsACLProtected": false, "ContainedBy": null, "Aces": [{"RightName": "Owns", "IsInherited": false, "PrincipalSID": "S-1-5-21-3927696377-1337352550-2781715495-512", "PrincipalType": "Group"}, {"RightName": "GenericAll", "IsInherited": false, "PrincipalSID": "S-1-5-21-3927696377-1337352550-2781715495-512", "PrincipalType": "Group"}, {"RightName": "GenericAll", "IsInherited": true, "PrincipalSID": "S-1-5-21-3927696377-1337352550-2781715495-519", "PrincipalType": "Group"}, {"RightName": "WriteOwner", "IsInherited": true, "PrincipalSID": "VOLEUR.HTB-S-1-5-32-544", "PrincipalType": "Group"}, {"RightName": "WriteDacl", "IsInherited": true, "PrincipalSID": "VOLEUR.HTB-S-1-5-32-544", "PrincipalType": "Group"}], "ChildObjects": []},{"ObjectIdentifier": "4DA25EA3-00E5-4B70-BFA2-E6D2AE35AB9C", "Properties": {"domain": "VOLEUR.HTB", "name": "FOREIGNSECURITYPRINCIPALS@VOLEUR.HTB", "distinguishedname": "CN=FOREIGNSECURITYPRINCIPALS,DC=VOLEUR,DC=HTB", "domainsid": "S-1-5-21-3927696377-1337352550-2781715495", "highvalue": false, "description": "Default container for security identifiers (SIDs) associated with objects from external, trusted domains", "whencreated": 1738140147, "isaclprotected": false}, "IsDeleted": false, "IsACLProtected": false, "ContainedBy": null, "Aces": [{"RightName": "Owns", "IsInherited": false, "PrincipalSID": "S-1-5-21-3927696377-1337352550-2781715495-512", "PrincipalType": "Group"}, {"RightName": "GenericAll", "IsInherited": false, "PrincipalSID": "S-1-5-21-3927696377-1337352550-2781715495-512", "PrincipalType": "Group"}, {"RightName": "GenericAll", "IsInherited": true, "PrincipalSID": "S-1-5-21-3927696377-1337352550-2781715495-519", "PrincipalType": "Group"}, {"RightName": "WriteOwner", "IsInherited": true, "PrincipalSID": "VOLEUR.HTB-S-1-5-32-544", "PrincipalType": "Group"}, {"RightName": "WriteDacl", "IsInherited": true, "PrincipalSID": "VOLEUR.HTB-S-1-5-32-544", "PrincipalType": "Group"}], "ChildObjects": []},{"ObjectIdentifier": "A4E8F706-AB06-44C6-86DB-BBC29432DABB", "Properties": {"domain": "VOLEUR.HTB", "name": "SYSTEM@VOLEUR.HTB", "distinguishedname": "CN=SYSTEM,DC=VOLEUR,DC=HTB", "domainsid": "S-1-5-21-3927696377-1337352550-2781715495", "highvalue": false, "description": "Builtin system settings", "whencreated": 1738140147, "isaclprotected": false}, "IsDeleted": false, "IsACLProtected": false, "ContainedBy": null, "Aces": [{"RightName": "Owns", "IsInherited": false, "PrincipalSID": "S-1-5-21-3927696377-1337352550-2781715495-512", "PrincipalType": "Group"}, {"RightName": "WriteOwner", "IsInherited": false, "PrincipalSID": "S-1-5-21-3927696377-1337352550-2781715495-512", "PrincipalType": "Group"}, {"RightName": "WriteDacl", "IsInherited": false, "PrincipalSID": "S-1-5-21-3927696377-1337352550-2781715495-512", "PrincipalType": "Group"}, {"RightName": "GenericAll", "IsInherited": true, "PrincipalSID": "S-1-5-21-3927696377-1337352550-2781715495-519", "PrincipalType": "Group"}, {"RightName": "WriteOwner", "IsInherited": true, "PrincipalSID": "VOLEUR.HTB-S-1-5-32-544", "PrincipalType": "Group"}, {"RightName": "WriteDacl", "IsInherited": true, "PrincipalSID": "VOLEUR.HTB-S-1-5-32-544", "PrincipalType": "Group"}], "ChildObjects": []},{"ObjectIdentifier": "D76E1FD5-A017-43FC-9F64-EFAD5C647A67", "Properties": {"domain": "VOLEUR.HTB", "name": "COMPUTERS@VOLEUR.HTB", "distinguishedname": "CN=COMPUTERS,DC=VOLEUR,DC=HTB", "domainsid": "S-1-5-21-3927696377-1337352550-2781715495", "highvalue": false, "description": "Default container for upgraded computer accounts", "whencreated": 1738140147, "isaclprotected": false}, "IsDeleted": false, "IsACLProtected": false, "ContainedBy": null, "Aces": [{"RightName": "Owns", "IsInherited": false, "PrincipalSID": "S-1-5-21-3927696377-1337352550-2781715495-512", "PrincipalType": "Group"}, {"RightName": "WriteOwner", "IsInherited": false, "PrincipalSID": "S-1-5-21-3927696377-1337352550-2781715495-512", "PrincipalType": "Group"}, {"RightName": "WriteDacl", "IsInherited": false, "PrincipalSID": "S-1-5-21-3927696377-1337352550-2781715495-512", "PrincipalType": "Group"}, {"RightName": "GenericAll", "IsInherited": true, "PrincipalSID": "S-1-5-21-3927696377-1337352550-2781715495-519", "PrincipalType": "Group"}, {"RightName": "WriteOwner", "IsInherited": true, "PrincipalSID": "VOLEUR.HTB-S-1-5-32-544", "PrincipalType": "Group"}, {"RightName": "WriteDacl", "IsInherited": true, "PrincipalSID": "VOLEUR.HTB-S-1-5-32-544", "PrincipalType": "Group"}], "ChildObjects": []},{"ObjectIdentifier": "92AEE224-B242-435E-A20C-8EA5174D55A6", "Properties": {"domain": "VOLEUR.HTB", "name": "USERS@VOLEUR.HTB", "distinguishedname": "CN=USERS,DC=VOLEUR,DC=HTB", "domainsid": "S-1-5-21-3927696377-1337352550-2781715495", "highvalue": false, "description": "Default container for upgraded user accounts", "whencreated": 1738140147, "isaclprotected": false}, "IsDeleted": false, "IsACLProtected": false, "ContainedBy": null, "Aces": [{"RightName": "Owns", "IsInherited": false, "PrincipalSID": "S-1-5-21-3927696377-1337352550-2781715495-512", "PrincipalType": "Group"}, {"RightName": "WriteOwner", "IsInherited": false, "PrincipalSID": "S-1-5-21-3927696377-1337352550-2781715495-512", "PrincipalType": "Group"}, {"RightName": "WriteDacl", "IsInherited": false, "PrincipalSID": "S-1-5-21-3927696377-1337352550-2781715495-512", "PrincipalType": "Group"}, {"RightName": "GenericAll", "IsInherited": true, "PrincipalSID": "S-1-5-21-3927696377-1337352550-2781715495-519", "PrincipalType": "Group"}, {"RightName": "WriteOwner", "IsInherited": true, "PrincipalSID": "VOLEUR.HTB-S-1-5-32-544", "PrincipalType": "Group"}, {"RightName": "WriteDacl", "IsInherited": true, "PrincipalSID": "VOLEUR.HTB-S-1-5-32-544", "PrincipalType": "Group"}], "ChildObjects": [{"ObjectIdentifier": "S-1-5-21-3927696377-1337352550-2781715495-518", "ObjectType": "Group"}, {"ObjectIdentifier": "S-1-5-21-3927696377-1337352550-2781715495-521", "ObjectType": "Group"}, {"ObjectIdentifier": "S-1-5-21-3927696377-1337352550-2781715495-553", "ObjectType": "Group"}, {"ObjectIdentifier": "S-1-5-21-3927696377-1337352550-2781715495-525", "ObjectType": "Group"}, {"ObjectIdentifier": "S-1-5-21-3927696377-1337352550-2781715495-502", "ObjectType": "User"}, {"ObjectIdentifier": "S-1-5-21-3927696377-1337352550-2781715495-526", "ObjectType": "Group"}, {"ObjectIdentifier": "S-1-5-21-3927696377-1337352550-2781715495-501", "ObjectType": "User"}, {"ObjectIdentifier": "S-1-5-21-3927696377-1337352550-2781715495-520", "ObjectType": "Group"}, {"ObjectIdentifier": "S-1-5-21-3927696377-1337352550-2781715495-498", "ObjectType": "Group"}, {"ObjectIdentifier": "S-1-5-21-3927696377-1337352550-2781715495-527", "ObjectType": "Group"}, {"ObjectIdentifier": "S-1-5-21-3927696377-1337352550-2781715495-519", "ObjectType": "Group"}, {"ObjectIdentifier": "S-1-5-21-3927696377-1337352550-2781715495-513", "ObjectType": "Group"}, {"ObjectIdentifier": "S-1-5-21-3927696377-1337352550-2781715495-514", "ObjectType": "Group"}, {"ObjectIdentifier": "S-1-5-21-3927696377-1337352550-2781715495-516", "ObjectType": "Group"}, {"ObjectIdentifier": "S-1-5-21-3927696377-1337352550-2781715495-515", "ObjectType": "Group"}, {"ObjectIdentifier": "S-1-5-21-3927696377-1337352550-2781715495-512", "ObjectType": "Group"}, {"ObjectIdentifier": "S-1-5-21-3927696377-1337352550-2781715495-1102", "ObjectType": "Group"}, {"ObjectIdentifier": "S-1-5-21-3927696377-1337352550-2781715495-1101", "ObjectType": "Group"}, {"ObjectIdentifier": "S-1-5-21-3927696377-1337352550-2781715495-572", "ObjectType": "Group"}, {"ObjectIdentifier": "S-1-5-21-3927696377-1337352550-2781715495-522", "ObjectType": "Group"}, {"ObjectIdentifier": "S-1-5-21-3927696377-1337352550-2781715495-517", "ObjectType": "Group"}, {"ObjectIdentifier": "S-1-5-21-3927696377-1337352550-2781715495-571", "ObjectType": "Group"}, {"ObjectIdentifier": "S-1-5-21-3927696377-1337352550-2781715495-500", "ObjectType": "User"}]}],"meta":{"methods":0,"type":"containers","count":19, "version":6}}