{"data":[{"AllowedToDelegate": [], "ObjectIdentifier": "VOLEUR.HTB-S-1-5-20", "PrimaryGroupSID": null, "Properties": {"domain": "VOLEUR.HTB", "domainsid": "S-1-5-21-3927696377-1337352550-2781715495", "name": "NT AUTHORITY@VOLEUR.HTB", "highvalue": false}, "Aces": [], "SPNTargets": [], "HasSIDHistory": [], "IsDeleted": false, "ContainedBy": null, "IsACLProtected": false},{"AllowedToDelegate": [], "ObjectIdentifier": "S-1-5-21-3927696377-1337352550-2781715495-1601", "PrimaryGroupSID": "S-1-5-21-3927696377-1337352550-2781715495-513", "ContainedBy": null, "Properties": {"name": "SVC_WINRM@VOLEUR.HTB", "domain": "VOLEUR.HTB", "domainsid": "S-1-5-21-3927696377-1337352550-2781715495", "highvalue": false, "distinguishedname": "CN=SVC_WINRM,OU=SERVICE ACCOUNTS,DC=VOLEUR,DC=HTB", "unconstraineddelegation": false, "trustedtoauth": false, "passwordnotreqd": false, "enabled": true, "lastlogon": 1738163252, "lastlogontimestamp": 1738163252, "pwdlastset": 1738314612, "dontreqpreauth": false, "pwdneverexpires": true, "sensitive": false, "serviceprincipalnames": [], "hasspn": false, "displayname": "svc_winrm", "email": null, "title": null, "homedirectory": null, "description": null, "userpassword": null, "admincount": false, "sidhistory": [], "whencreated": 1738154510, "unixpassword": null, "unicodepassword": null, "logonscript": null, "samaccountname": "svc_winrm", "sfupassword": null, "isaclprotected": false}, "Aces": [{"RightName": "Owns", "IsInherited": false, "PrincipalSID": "S-1-5-21-3927696377-1337352550-2781715495-512", "PrincipalType": "Group"}, {"RightName": "WriteSPN", "IsInherited": false, "PrincipalSID": "S-1-5-21-3927696377-1337352550-2781715495-1106", "PrincipalType": "User"}, {"RightName": "GenericAll", "IsInherited": false, "PrincipalSID": "S-1-5-21-3927696377-1337352550-2781715495-512", "PrincipalType": "Group"}, {"RightName": "GenericAll", "IsInherited": false, "PrincipalSID": "VOLEUR.HTB-S-1-5-32-548", "PrincipalType": "Group"}, {"RightName": "AddKeyCredentialLink", "IsInherited": true, "PrincipalSID": "S-1-5-21-3927696377-1337352550-2781715495-526", "PrincipalType": "Group"}, {"RightName": "AddKeyCredentialLink", "IsInherited": true, "PrincipalSID": "S-1-5-21-3927696377-1337352550-2781715495-527", "PrincipalType": "Group"}, {"RightName": "GenericAll", "IsInherited": true, "PrincipalSID": "S-1-5-21-3927696377-1337352550-2781715495-519", "PrincipalType": "Group"}, {"RightName": "GenericWrite", "IsInherited": true, "PrincipalSID": "VOLEUR.HTB-S-1-5-32-544", "PrincipalType": "Group"}, {"RightName": "WriteOwner", "IsInherited": true, "PrincipalSID": "VOLEUR.HTB-S-1-5-32-544", "PrincipalType": "Group"}, {"RightName": "AllExtendedRights", "IsInherited": true, "PrincipalSID": "VOLEUR.HTB-S-1-5-32-544", "PrincipalType": "Group"}, {"RightName": "WriteDacl", "IsInherited": true, "PrincipalSID": "VOLEUR.HTB-S-1-5-32-544", "PrincipalType": "Group"}], "SPNTargets": [], "HasSIDHistory": [], "IsDeleted": false, "IsACLProtected": false},{"AllowedToDelegate": [], "ObjectIdentifier": "S-1-5-21-3927696377-1337352550-2781715495-1107", "PrimaryGroupSID": "S-1-5-21-3927696377-1337352550-2781715495-513", "ContainedBy": null, "Properties": {"name": "SVC_BACKUP@VOLEUR.HTB", "domain": "VOLEUR.HTB", "domainsid": "S-1-5-21-3927696377-1337352550-2781715495", "highvalue": false, "distinguishedname": "CN=SVC_BACKUP,OU=SERVICE ACCOUNTS,DC=VOLEUR,DC=HTB", "unconstraineddelegation": false, "trustedtoauth": false, "passwordnotreqd": false, "enabled": true, "lastlogon": 1754935361, "lastlogontimestamp": 1754935361, "pwdlastset": 1738142436, "dontreqpreauth": false, "pwdneverexpires": true, "sensitive": false, "serviceprincipalnames": [], "hasspn": false, "displayname": "svc_backup", "email": null, "title": null, "homedirectory": null, "description": null, "userpassword": null, "admincount": false, "sidhistory": [], "whencreated": 1738141544, "unixpassword": null, "unicodepassword": null, "logonscript": null, "samaccountname": "svc_backup", "sfupassword": null, "isaclprotected": false}, "Aces": [{"RightName": "Owns", "IsInherited": false, "PrincipalSID": "S-1-5-21-3927696377-1337352550-2781715495-512", "PrincipalType": "Group"}, {"RightName": "GenericAll", "IsInherited": false, "PrincipalSID": "S-1-5-21-3927696377-1337352550-2781715495-512", "PrincipalType": "Group"}, {"RightName": "GenericAll", "IsInherited": false, "PrincipalSID": "VOLEUR.HTB-S-1-5-32-548", "PrincipalType": "Group"}, {"RightName": "AddKeyCredentialLink", "IsInherited": true, "PrincipalSID": "S-1-5-21-3927696377-1337352550-2781715495-526", "PrincipalType": "Group"}, {"RightName": "AddKeyCredentialLink", "IsInherited": true, "PrincipalSID": "S-1-5-21-3927696377-1337352550-2781715495-527", "PrincipalType": "Group"}, {"RightName": "GenericAll", "IsInherited": true, "PrincipalSID": "S-1-5-21-3927696377-1337352550-2781715495-519", "PrincipalType": "Group"}, {"RightName": "GenericWrite", "IsInherited": true, "PrincipalSID": "VOLEUR.HTB-S-1-5-32-544", "PrincipalType": "Group"}, {"RightName": "WriteOwner", "IsInherited": true, "PrincipalSID": "VOLEUR.HTB-S-1-5-32-544", "PrincipalType": "Group"}, {"RightName": "AllExtendedRights", "IsInherited": true, "PrincipalSID": "VOLEUR.HTB-S-1-5-32-544", "PrincipalType": "Group"}, {"RightName": "WriteDacl", "IsInherited": true, "PrincipalSID": "VOLEUR.HTB-S-1-5-32-544", "PrincipalType": "Group"}], "SPNTargets": [], "HasSIDHistory": [], "IsDeleted": false, "IsACLProtected": false},{"AllowedToDelegate": [], "ObjectIdentifier": "S-1-5-21-3927696377-1337352550-2781715495-1109", "PrimaryGroupSID": "S-1-5-21-3927696377-1337352550-2781715495-513", "ContainedBy": null, "Properties": {"name": "JEREMY.COMBS@VOLEUR.HTB", "domain": "VOLEUR.HTB", "domainsid": "S-1-5-21-3927696377-1337352550-2781715495", "highvalue": false, "distinguishedname": "CN=JEREMY COMBS,OU=THIRD-LINE SUPPORT TECHNICIANS,DC=VOLEUR,DC=HTB", "unconstraineddelegation": false, "trustedtoauth": false, "passwordnotreqd": false, "enabled": true, "lastlogon": 1738237862, "lastlogontimestamp": 1738142275, "pwdlastset": 1738163432, "dontreqpreauth": false, "pwdneverexpires": true, "sensitive": false, "serviceprincipalnames": [], "hasspn": false, "displayname": "Jeremy Combs", "email": null, "title": null, "homedirectory": null, "description": "Third-Line Support Technician", "userpassword": null, "admincount": false, "sidhistory": [], "whencreated": 1738141621, "unixpassword": null, "unicodepassword": null, "logonscript": null, "samaccountname": "jeremy.combs", "sfupassword": null, "isaclprotected": false}, "Aces": [{"RightName": "Owns", "IsInherited": false, "PrincipalSID": "S-1-5-21-3927696377-1337352550-2781715495-512", "PrincipalType": "Group"}, {"RightName": "GenericAll", "IsInherited": false, "PrincipalSID": "S-1-5-21-3927696377-1337352550-2781715495-512", "PrincipalType": "Group"}, {"RightName": "GenericAll", "IsInherited": false, "PrincipalSID": "VOLEUR.HTB-S-1-5-32-548", "PrincipalType": "Group"}, {"RightName": "AddKeyCredentialLink", "IsInherited": true, "PrincipalSID": "S-1-5-21-3927696377-1337352550-2781715495-526", "PrincipalType": "Group"}, {"RightName": "AddKeyCredentialLink", "IsInherited": true, "PrincipalSID": "S-1-5-21-3927696377-1337352550-2781715495-527", "PrincipalType": "Group"}, {"RightName": "GenericAll", "IsInherited": true, "PrincipalSID": "S-1-5-21-3927696377-1337352550-2781715495-519", "PrincipalType": "Group"}, {"RightName": "GenericWrite", "IsInherited": true, "PrincipalSID": "VOLEUR.HTB-S-1-5-32-544", "PrincipalType": "Group"}, {"RightName": "WriteOwner", "IsInherited": true, "PrincipalSID": "VOLEUR.HTB-S-1-5-32-544", "PrincipalType": "Group"}, {"RightName": "AllExtendedRights", "IsInherited": true, "PrincipalSID": "VOLEUR.HTB-S-1-5-32-544", "PrincipalType": "Group"}, {"RightName": "WriteDacl", "IsInherited": true, "PrincipalSID": "VOLEUR.HTB-S-1-5-32-544", "PrincipalType": "Group"}], "SPNTargets": [], "HasSIDHistory": [], "IsDeleted": false, "IsACLProtected": false},{"AllowedToDelegate": [], "ObjectIdentifier": "S-1-5-21-3927696377-1337352550-2781715495-1105", "PrimaryGroupSID": "S-1-5-21-3927696377-1337352550-2781715495-513", "ContainedBy": null, "Properties": {"name": "LACEY.MILLER@VOLEUR.HTB", "domain": "VOLEUR.HTB", "domainsid": "S-1-5-21-3927696377-1337352550-2781715495", "highvalue": false, "distinguishedname": "CN=LACEY MILLER,OU=SECOND-LINE SUPPORT TECHNICIANS,DC=VOLEUR,DC=HTB", "unconstraineddelegation": false, "trustedtoauth": false, "passwordnotreqd": false, "enabled": true, "lastlogon": 0, "lastlogontimestamp": -11644473600, "pwdlastset": 1738142410, "dontreqpreauth": false, "pwdneverexpires": true, "sensitive": false, "serviceprincipalnames": [], "hasspn": false, "displayname": "Lacey Miller", "email": null, "title": null, "homedirectory": null, "description": "Second-Line Support Technician", "userpassword": null, "admincount": false, "sidhistory": [], "whencreated": 1738141462, "unixpassword": null, "unicodepassword": null, "logonscript": null, "samaccountname": "lacey.miller", "sfupassword": null, "isaclprotected": false}, "Aces": [{"RightName": "Owns", "IsInherited": false, "PrincipalSID": "S-1-5-21-3927696377-1337352550-2781715495-512", "PrincipalType": "Group"}, {"RightName": "GenericAll", "IsInherited": false, "PrincipalSID": "S-1-5-21-3927696377-1337352550-2781715495-512", "PrincipalType": "Group"}, {"RightName": "GenericAll", "IsInherited": false, "PrincipalSID": "VOLEUR.HTB-S-1-5-32-548", "PrincipalType": "Group"}, {"RightName": "GenericWrite", "IsInherited": true, "PrincipalSID": "S-1-5-21-3927696377-1337352550-2781715495-1602", "PrincipalType": "Group"}, {"RightName": "AddKeyCredentialLink", "IsInherited": true, "PrincipalSID": "S-1-5-21-3927696377-1337352550-2781715495-526", "PrincipalType": "Group"}, {"RightName": "AddKeyCredentialLink", "IsInherited": true, "PrincipalSID": "S-1-5-21-3927696377-1337352550-2781715495-527", "PrincipalType": "Group"}, {"RightName": "GenericAll", "IsInherited": true, "PrincipalSID": "S-1-5-21-3927696377-1337352550-2781715495-519", "PrincipalType": "Group"}, {"RightName": "GenericWrite", "IsInherited": true, "PrincipalSID": "VOLEUR.HTB-S-1-5-32-544", "PrincipalType": "Group"}, {"RightName": "WriteOwner", "IsInherited": true, "PrincipalSID": "VOLEUR.HTB-S-1-5-32-544", "PrincipalType": "Group"}, {"RightName": "AllExtendedRights", "IsInherited": true, "PrincipalSID": "VOLEUR.HTB-S-1-5-32-544", "PrincipalType": "Group"}, {"RightName": "WriteDacl", "IsInherited": true, "PrincipalSID": "VOLEUR.HTB-S-1-5-32-544", "PrincipalType": "Group"}], "SPNTargets": [], "HasSIDHistory": [], "IsDeleted": false, "IsACLProtected": false},{"AllowedToDelegate": [], "ObjectIdentifier": "S-1-5-21-3927696377-1337352550-2781715495-1108", "PrimaryGroupSID": "S-1-5-21-3927696377-1337352550-2781715495-513", "ContainedBy": null, "Properties": {"name": "SVC_IIS@VOLEUR.HTB", "domain": "VOLEUR.HTB", "domainsid": "S-1-5-21-3927696377-1337352550-2781715495", "highvalue": false, "distinguishedname": "CN=SVC_IIS,OU=SERVICE ACCOUNTS,DC=VOLEUR,DC=HTB", "unconstraineddelegation": false, "trustedtoauth": false, "passwordnotreqd": false, "enabled": true, "lastlogon": 0, "lastlogontimestamp": -11644473600, "pwdlastset": 1738142445, "dontreqpreauth": false, "pwdneverexpires": true, "sensitive": false, "serviceprincipalnames": [], "hasspn": false, "displayname": "svc_iis", "email": null, "title": null, "homedirectory": null, "description": null, "userpassword": null, "admincount": false, "sidhistory": [], "whencreated": 1738141563, "unixpassword": null, "unicodepassword": null, "logonscript": null, "samaccountname": "svc_iis", "sfupassword": null, "isaclprotected": false}, "Aces": [{"RightName": "Owns", "IsInherited": false, "PrincipalSID": "S-1-5-21-3927696377-1337352550-2781715495-512", "PrincipalType": "Group"}, {"RightName": "GenericAll", "IsInherited": false, "PrincipalSID": "S-1-5-21-3927696377-1337352550-2781715495-512", "PrincipalType": "Group"}, {"RightName": "GenericAll", "IsInherited": false, "PrincipalSID": "VOLEUR.HTB-S-1-5-32-548", "PrincipalType": "Group"}, {"RightName": "AddKeyCredentialLink", "IsInherited": true, "PrincipalSID": "S-1-5-21-3927696377-1337352550-2781715495-526", "PrincipalType": "Group"}, {"RightName": "AddKeyCredentialLink", "IsInherited": true, "PrincipalSID": "S-1-5-21-3927696377-1337352550-2781715495-527", "PrincipalType": "Group"}, {"RightName": "GenericAll", "IsInherited": true, "PrincipalSID": "S-1-5-21-3927696377-1337352550-2781715495-519", "PrincipalType": "Group"}, {"RightName": "GenericWrite", "IsInherited": true, "PrincipalSID": "VOLEUR.HTB-S-1-5-32-544", "PrincipalType": "Group"}, {"RightName": "WriteOwner", "IsInherited": true, "PrincipalSID": "VOLEUR.HTB-S-1-5-32-544", "PrincipalType": "Group"}, {"RightName": "AllExtendedRights", "IsInherited": true, "PrincipalSID": "VOLEUR.HTB-S-1-5-32-544", "PrincipalType": "Group"}, {"RightName": "WriteDacl", "IsInherited": true, "PrincipalSID": "VOLEUR.HTB-S-1-5-32-544", "PrincipalType": "Group"}], "SPNTargets": [], "HasSIDHistory": [], "IsDeleted": false, "IsACLProtected": false},{"AllowedToDelegate": [], "ObjectIdentifier": "S-1-5-21-3927696377-1337352550-2781715495-1103", "PrimaryGroupSID": "S-1-5-21-3927696377-1337352550-2781715495-513", "ContainedBy": null, "Properties": {"name": "RYAN.NAYLOR@VOLEUR.HTB", "domain": "VOLEUR.HTB", "domainsid": "S-1-5-21-3927696377-1337352550-2781715495", "highvalue": false, "distinguishedname": "CN=RYAN NAYLOR,OU=FIRST-LINE SUPPORT TECHNICIANS,DC=VOLEUR,DC=HTB", "unconstraineddelegation": false, "trustedtoauth": false, "passwordnotreqd": false, "enabled": true, "lastlogon": 1754972443, "lastlogontimestamp": 1754967641, "pwdlastset": 1738142806, "dontreqpreauth": false, "pwdneverexpires": true, "sensitive": false, "serviceprincipalnames": [], "hasspn": false, "displayname": "Ryan Naylor", "email": null, "title": null, "homedirectory": null, "description": "First-Line Support Technician", "userpassword": null, "admincount": false, "sidhistory": [], "whencreated": 1738141199, "unixpassword": null, "unicodepassword": null, "logonscript": null, "samaccountname": "ryan.naylor", "sfupassword": null, "isaclprotected": false}, "Aces": [{"RightName": "Owns", "IsInherited": false, "PrincipalSID": "S-1-5-21-3927696377-1337352550-2781715495-512", "PrincipalType": "Group"}, {"RightName": "GenericAll", "IsInherited": false, "PrincipalSID": "S-1-5-21-3927696377-1337352550-2781715495-512", "PrincipalType": "Group"}, {"RightName": "GenericAll", "IsInherited": false, "PrincipalSID": "VOLEUR.HTB-S-1-5-32-548", "PrincipalType": "Group"}, {"RightName": "AddKeyCredentialLink", "IsInherited": true, "PrincipalSID": "S-1-5-21-3927696377-1337352550-2781715495-526", "PrincipalType": "Group"}, {"RightName": "AddKeyCredentialLink", "IsInherited": true, "PrincipalSID": "S-1-5-21-3927696377-1337352550-2781715495-527", "PrincipalType": "Group"}, {"RightName": "GenericAll", "IsInherited": true, "PrincipalSID": "S-1-5-21-3927696377-1337352550-2781715495-519", "PrincipalType": "Group"}, {"RightName": "GenericWrite", "IsInherited": true, "PrincipalSID": "VOLEUR.HTB-S-1-5-32-544", "PrincipalType": "Group"}, {"RightName": "WriteOwner", "IsInherited": true, "PrincipalSID": "VOLEUR.HTB-S-1-5-32-544", "PrincipalType": "Group"}, {"RightName": "AllExtendedRights", "IsInherited": true, "PrincipalSID": "VOLEUR.HTB-S-1-5-32-544", "PrincipalType": "Group"}, {"RightName": "WriteDacl", "IsInherited": true, "PrincipalSID": "VOLEUR.HTB-S-1-5-32-544", "PrincipalType": "Group"}], "SPNTargets": [], "HasSIDHistory": [], "IsDeleted": false, "IsACLProtected": false},{"AllowedToDelegate": [], "ObjectIdentifier": "S-1-5-21-3927696377-1337352550-2781715495-500", "PrimaryGroupSID": "S-1-5-21-3927696377-1337352550-2781715495-513", "ContainedBy": null, "Properties": {"name": "ADMINISTRATOR@VOLEUR.HTB", "domain": "VOLEUR.HTB", "domainsid": "S-1-5-21-3927696377-1337352550-2781715495", "highvalue": false, "distinguishedname": "CN=ADMINISTRATOR,CN=USERS,DC=VOLEUR,DC=HTB", "unconstraineddelegation": false, "trustedtoauth": false, "passwordnotreqd": false, "enabled": true, "lastlogon": 1754935354, "lastlogontimestamp": 1754935341, "pwdlastset": 1738096513, "dontreqpreauth": false, "pwdneverexpires": true, "sensitive": false, "serviceprincipalnames": [], "hasspn": false, "displayname": null, "email": null, "title": null, "homedirectory": null, "description": "Built-in account for administering the computer/domain", "userpassword": null, "admincount": true, "sidhistory": [], "whencreated": 1738140148, "unixpassword": null, "unicodepassword": null, "logonscript": null, "samaccountname": "Administrator", "sfupassword": null, "isaclprotected": true}, "Aces": [{"RightName": "Owns", "IsInherited": false, "PrincipalSID": "S-1-5-21-3927696377-1337352550-2781715495-512", "PrincipalType": "Group"}, {"RightName": "GenericWrite", "IsInherited": false, "PrincipalSID": "S-1-5-21-3927696377-1337352550-2781715495-512", "PrincipalType": "Group"}, {"RightName": "WriteOwner", "IsInherited": false, "PrincipalSID": "S-1-5-21-3927696377-1337352550-2781715495-512", "PrincipalType": "Group"}, {"RightName": "AllExtendedRights", "IsInherited": false, "PrincipalSID": "S-1-5-21-3927696377-1337352550-2781715495-512", "PrincipalType": "Group"}, {"RightName": "WriteDacl", "IsInherited": false, "PrincipalSID": "S-1-5-21-3927696377-1337352550-2781715495-512", "PrincipalType": "Group"}, {"RightName": "GenericWrite", "IsInherited": false, "PrincipalSID": "S-1-5-21-3927696377-1337352550-2781715495-519", "PrincipalType": "Group"}, {"RightName": "WriteOwner", "IsInherited": false, "PrincipalSID": "S-1-5-21-3927696377-1337352550-2781715495-519", "PrincipalType": "Group"}, {"RightName": "AllExtendedRights", "IsInherited": false, "PrincipalSID": "S-1-5-21-3927696377-1337352550-2781715495-519", "PrincipalType": "Group"}, {"RightName": "WriteDacl", "IsInherited": false, "PrincipalSID": "S-1-5-21-3927696377-1337352550-2781715495-519", "PrincipalType": "Group"}, {"RightName": "GenericWrite", "IsInherited": false, "PrincipalSID": "VOLEUR.HTB-S-1-5-32-544", "PrincipalType": "Group"}, {"RightName": "WriteOwner", "IsInherited": false, "PrincipalSID": "VOLEUR.HTB-S-1-5-32-544", "PrincipalType": "Group"}, {"RightName": "AllExtendedRights", "IsInherited": false, "PrincipalSID": "VOLEUR.HTB-S-1-5-32-544", "PrincipalType": "Group"}, {"RightName": "WriteDacl", "IsInherited": false, "PrincipalSID": "VOLEUR.HTB-S-1-5-32-544", "PrincipalType": "Group"}], "SPNTargets": [], "HasSIDHistory": [], "IsDeleted": false, "IsACLProtected": true},{"AllowedToDelegate": [], "ObjectIdentifier": "S-1-5-21-3927696377-1337352550-2781715495-501", "PrimaryGroupSID": "S-1-5-21-3927696377-1337352550-2781715495-514", "ContainedBy": null, "Properties": {"name": "GUEST@VOLEUR.HTB", "domain": "VOLEUR.HTB", "domainsid": "S-1-5-21-3927696377-1337352550-2781715495", "highvalue": false, "distinguishedname": "CN=GUEST,CN=USERS,DC=VOLEUR,DC=HTB", "unconstraineddelegation": false, "trustedtoauth": false, "passwordnotreqd": true, "enabled": false, "lastlogon": 0, "lastlogontimestamp": -11644473600, "pwdlastset": 0, "dontreqpreauth": false, "pwdneverexpires": true, "sensitive": false, "serviceprincipalnames": [], "hasspn": false, "displayname": null, "email": null, "title": null, "homedirectory": null, "description": "Built-in account for guest access to the computer/domain", "userpassword": null, "admincount": false, "sidhistory": [], "whencreated": 1738140148, "unixpassword": null, "unicodepassword": null, "logonscript": null, "samaccountname": "Guest", "sfupassword": null, "isaclprotected": false}, "Aces": [{"RightName": "Owns", "IsInherited": false, "PrincipalSID": "VOLEUR.HTB-S-1-5-32-544", "PrincipalType": "Group"}, {"RightName": "GenericAll", "IsInherited": false, "PrincipalSID": "S-1-5-21-3927696377-1337352550-2781715495-512", "PrincipalType": "Group"}, {"RightName": "GenericAll", "IsInherited": false, "PrincipalSID": "VOLEUR.HTB-S-1-5-32-548", "PrincipalType": "Group"}, {"RightName": "AddKeyCredentialLink", "IsInherited": true, "PrincipalSID": "S-1-5-21-3927696377-1337352550-2781715495-526", "PrincipalType": "Group"}, {"RightName": "AddKeyCredentialLink", "IsInherited": true, "PrincipalSID": "S-1-5-21-3927696377-1337352550-2781715495-527", "PrincipalType": "Group"}, {"RightName": "GenericAll", "IsInherited": true, "PrincipalSID": "S-1-5-21-3927696377-1337352550-2781715495-519", "PrincipalType": "Group"}, {"RightName": "GenericWrite", "IsInherited": true, "PrincipalSID": "VOLEUR.HTB-S-1-5-32-544", "PrincipalType": "Group"}, {"RightName": "WriteOwner", "IsInherited": true, "PrincipalSID": "VOLEUR.HTB-S-1-5-32-544", "PrincipalType": "Group"}, {"RightName": "AllExtendedRights", "IsInherited": true, "PrincipalSID": "VOLEUR.HTB-S-1-5-32-544", "PrincipalType": "Group"}, {"RightName": "WriteDacl", "IsInherited": true, "PrincipalSID": "VOLEUR.HTB-S-1-5-32-544", "PrincipalType": "Group"}], "SPNTargets": [], "HasSIDHistory": [], "IsDeleted": false, "IsACLProtected": false},{"AllowedToDelegate": [], "ObjectIdentifier": "S-1-5-21-3927696377-1337352550-2781715495-502", "PrimaryGroupSID": "S-1-5-21-3927696377-1337352550-2781715495-513", "ContainedBy": null, "Properties": {"name": "KRBTGT@VOLEUR.HTB", "domain": "VOLEUR.HTB", "domainsid": "S-1-5-21-3927696377-1337352550-2781715495", "highvalue": false, "distinguishedname": "CN=KRBTGT,CN=USERS,DC=VOLEUR,DC=HTB", "unconstraineddelegation": false, "trustedtoauth": false, "passwordnotreqd": false, "enabled": false, "lastlogon": 0, "lastlogontimestamp": -11644473600, "pwdlastset": 1738140186, "dontreqpreauth": false, "pwdneverexpires": false, "sensitive": false, "serviceprincipalnames": ["kadmin/changepw"], "hasspn": true, "displayname": null, "email": null, "title": null, "homedirectory": null, "description": "Key Distribution Center Service Account", "userpassword": null, "admincount": true, "sidhistory": [], "whencreated": 1738140186, "unixpassword": null, "unicodepassword": null, "logonscript": null, "samaccountname": "krbtgt", "sfupassword": null, "isaclprotected": true}, "Aces": [{"RightName": "Owns", "IsInherited": false, "PrincipalSID": "S-1-5-21-3927696377-1337352550-2781715495-512", "PrincipalType": "Group"}, {"RightName": "GenericWrite", "IsInherited": false, "PrincipalSID": "S-1-5-21-3927696377-1337352550-2781715495-512", "PrincipalType": "Group"}, {"RightName": "WriteOwner", "IsInherited": false, "PrincipalSID": "S-1-5-21-3927696377-1337352550-2781715495-512", "PrincipalType": "Group"}, {"RightName": "AllExtendedRights", "IsInherited": false, "PrincipalSID": "S-1-5-21-3927696377-1337352550-2781715495-512", "PrincipalType": "Group"}, {"RightName": "WriteDacl", "IsInherited": false, "PrincipalSID": "S-1-5-21-3927696377-1337352550-2781715495-512", "PrincipalType": "Group"}, {"RightName": "GenericWrite", "IsInherited": false, "PrincipalSID": "S-1-5-21-3927696377-1337352550-2781715495-519", "PrincipalType": "Group"}, {"RightName": "WriteOwner", "IsInherited": false, "PrincipalSID": "S-1-5-21-3927696377-1337352550-2781715495-519", "PrincipalType": "Group"}, {"RightName": "AllExtendedRights", "IsInherited": false, "PrincipalSID": "S-1-5-21-3927696377-1337352550-2781715495-519", "PrincipalType": "Group"}, {"RightName": "WriteDacl", "IsInherited": false, "PrincipalSID": "S-1-5-21-3927696377-1337352550-2781715495-519", "PrincipalType": "Group"}, {"RightName": "GenericWrite", "IsInherited": false, "PrincipalSID": "VOLEUR.HTB-S-1-5-32-544", "PrincipalType": "Group"}, {"RightName": "WriteOwner", "IsInherited": false, "PrincipalSID": "VOLEUR.HTB-S-1-5-32-544", "PrincipalType": "Group"}, {"RightName": "AllExtendedRights", "IsInherited": false, "PrincipalSID": "VOLEUR.HTB-S-1-5-32-544", "PrincipalType": "Group"}, {"RightName": "WriteDacl", "IsInherited": false, "PrincipalSID": "VOLEUR.HTB-S-1-5-32-544", "PrincipalType": "Group"}], "SPNTargets": [], "HasSIDHistory": [], "IsDeleted": false, "IsACLProtected": true},{"AllowedToDelegate": [], "ObjectIdentifier": "S-1-5-21-3927696377-1337352550-2781715495-1106", "PrimaryGroupSID": "S-1-5-21-3927696377-1337352550-2781715495-513", "ContainedBy": null, "Properties": {"name": "SVC_LDAP@VOLEUR.HTB", "domain": "VOLEUR.HTB", "domainsid": "S-1-5-21-3927696377-1337352550-2781715495", "highvalue": false, "distinguishedname": "CN=SVC_LDAP,OU=SERVICE ACCOUNTS,DC=VOLEUR,DC=HTB", "unconstraineddelegation": false, "trustedtoauth": false, "passwordnotreqd": false, "enabled": true, "lastlogon": 1738316265, "lastlogontimestamp": 1738154836, "pwdlastset": 1738142454, "dontreqpreauth": false, "pwdneverexpires": true, "sensitive": false, "serviceprincipalnames": [], "hasspn": false, "displayname": "svc_ldap", "email": null, "title": null, "homedirectory": null, "description": null, "userpassword": null, "admincount": false, "sidhistory": [], "whencreated": 1738141512, "unixpassword": null, "unicodepassword": null, "logonscript": null, "samaccountname": "svc_ldap", "sfupassword": null, "isaclprotected": false}, "Aces": [{"RightName": "Owns", "IsInherited": false, "PrincipalSID": "S-1-5-21-3927696377-1337352550-2781715495-512", "PrincipalType": "Group"}, {"RightName": "GenericAll", "IsInherited": false, "PrincipalSID": "S-1-5-21-3927696377-1337352550-2781715495-512", "PrincipalType": "Group"}, {"RightName": "GenericAll", "IsInherited": false, "PrincipalSID": "VOLEUR.HTB-S-1-5-32-548", "PrincipalType": "Group"}, {"RightName": "AddKeyCredentialLink", "IsInherited": true, "PrincipalSID": "S-1-5-21-3927696377-1337352550-2781715495-526", "PrincipalType": "Group"}, {"RightName": "AddKeyCredentialLink", "IsInherited": true, "PrincipalSID": "S-1-5-21-3927696377-1337352550-2781715495-527", "PrincipalType": "Group"}, {"RightName": "GenericAll", "IsInherited": true, "PrincipalSID": "S-1-5-21-3927696377-1337352550-2781715495-519", "PrincipalType": "Group"}, {"RightName": "GenericWrite", "IsInherited": true, "PrincipalSID": "VOLEUR.HTB-S-1-5-32-544", "PrincipalType": "Group"}, {"RightName": "WriteOwner", "IsInherited": true, "PrincipalSID": "VOLEUR.HTB-S-1-5-32-544", "PrincipalType": "Group"}, {"RightName": "AllExtendedRights", "IsInherited": true, "PrincipalSID": "VOLEUR.HTB-S-1-5-32-544", "PrincipalType": "Group"}, {"RightName": "WriteDacl", "IsInherited": true, "PrincipalSID": "VOLEUR.HTB-S-1-5-32-544", "PrincipalType": "Group"}], "SPNTargets": [], "HasSIDHistory": [], "IsDeleted": false, "IsACLProtected": false},{"AllowedToDelegate": [], "ObjectIdentifier": "S-1-5-21-3927696377-1337352550-2781715495-1104", "PrimaryGroupSID": "S-1-5-21-3927696377-1337352550-2781715495-513", "ContainedBy": null, "Properties": {"name": "MARIE.BRYANT@VOLEUR.HTB", "domain": "VOLEUR.HTB", "domainsid": "S-1-5-21-3927696377-1337352550-2781715495", "highvalue": false, "distinguishedname": "CN=MARIE BRYANT,OU=FIRST-LINE SUPPORT TECHNICIANS,DC=VOLEUR,DC=HTB", "unconstraineddelegation": false, "trustedtoauth": false, "passwordnotreqd": false, "enabled": true, "lastlogon": 0, "lastlogontimestamp": -11644473600, "pwdlastset": 1738142467, "dontreqpreauth": false, "pwdneverexpires": true, "sensitive": false, "serviceprincipalnames": [], "hasspn": false, "displayname": "Marie Bryant", "email": null, "title": null, "homedirectory": null, "description": "First-Line Support Technician", "userpassword": null, "admincount": false, "sidhistory": [], "whencreated": 1738141392, "unixpassword": null, "unicodepassword": null, "logonscript": null, "samaccountname": "marie.bryant", "sfupassword": null, "isaclprotected": false}, "Aces": [{"RightName": "Owns", "IsInherited": false, "PrincipalSID": "S-1-5-21-3927696377-1337352550-2781715495-512", "PrincipalType": "Group"}, {"RightName": "GenericAll", "IsInherited": false, "PrincipalSID": "S-1-5-21-3927696377-1337352550-2781715495-512", "PrincipalType": "Group"}, {"RightName": "GenericAll", "IsInherited": false, "PrincipalSID": "VOLEUR.HTB-S-1-5-32-548", "PrincipalType": "Group"}, {"RightName": "AddKeyCredentialLink", "IsInherited": true, "PrincipalSID": "S-1-5-21-3927696377-1337352550-2781715495-526", "PrincipalType": "Group"}, {"RightName": "AddKeyCredentialLink", "IsInherited": true, "PrincipalSID": "S-1-5-21-3927696377-1337352550-2781715495-527", "PrincipalType": "Group"}, {"RightName": "GenericAll", "IsInherited": true, "PrincipalSID": "S-1-5-21-3927696377-1337352550-2781715495-519", "PrincipalType": "Group"}, {"RightName": "GenericWrite", "IsInherited": true, "PrincipalSID": "VOLEUR.HTB-S-1-5-32-544", "PrincipalType": "Group"}, {"RightName": "WriteOwner", "IsInherited": true, "PrincipalSID": "VOLEUR.HTB-S-1-5-32-544", "PrincipalType": "Group"}, {"RightName": "AllExtendedRights", "IsInherited": true, "PrincipalSID": "VOLEUR.HTB-S-1-5-32-544", "PrincipalType": "Group"}, {"RightName": "WriteDacl", "IsInherited": true, "PrincipalSID": "VOLEUR.HTB-S-1-5-32-544", "PrincipalType": "Group"}], "SPNTargets": [], "HasSIDHistory": [], "IsDeleted": false, "IsACLProtected": false}],"meta":{"methods":0,"type":"users","count":12, "version":6}}